WORD_ID,VOCAB_WORD
0,http
1,use
2,list
3,email
4,get
5,mail
6,one
7,free
8,time
9,work
10,messag
11,make
12,like
13,would
14,peopl
15,inform
16,new
17,receiv
18,pleas
19,busi
20,address
21,click
22,want
23,us
24,need
25,order
26,remov
27,also
28,go
29,year
30,send
31,money
32,file
33,compani
34,system
35,name
36,report
37,wrote
38,way
39,user
40,look
41,site
42,chang
43,day
44,know
45,state
46,program
47,may
48,see
49,call
50,could
51,group
52,even
53,think
54,includ
55,linux
56,first
57,offer
58,take
59,say
60,servic
61,right
62,world
63,tri
64,help
65,find
66,market
67,internet
68,product
69,mani
70,much
71,home
72,said
73,web
74,softwar
75,problem
76,date
77,line
78,spam
79,start
80,check
81,number
82,run
83,good
84,thing
85,link
86,well
87,subject
88,phone
89,interest
90,govern
91,person
92,provid
93,set
94,today
95,come
96,best
97,give
98,million
99,server
100,follow
101,back
102,form
103,rate
104,month
105,everi
106,secur
107,gener
108,price
109,url
110,still
111,comput
112,packag
113,instal
114,avail
115,sent
116,code
117,commun
118,life
119,version
120,read
121,sinc
122,ad
123,grant
124,maintain
125,sponsor
126,thank
127,network
128,credit
129,two
130,differ
131,without
132,made
133,develop
134,within
135,support
136,week
137,write
138,save
139,realli
140,case
141,page
142,subscript
143,someth
144,irish
145,current
146,un
147,last
148,anyon
149,onlin
150,complet
151,sure
152,requir
153,card
154,seem
155,build
156,custom
157,manag
158,never
159,de
160,ilug
161,better
162,window
163,keep
164,special
165,ca
166,point
167,place
168,search
169,per
170,anoth
171,found
172,actual
173,access
174,repli
175,result
176,contact
177,question
178,part
179,base
180,listmast
181,futur
182,issu
183,old
184,put
185,wish
186,next
187,long
188,let
189,countri
190,live
191,must
192,hour
193,end
194,invest
195,process
196,easi
197,mean
198,unsubscrib
199,lot
200,unit
201,great
202,got
203,guarante
204,technolog
205,nation
206,show
207,account
208,might
209,power
210,releas
211,legal
212,cost
213,data
214,allow
215,sourc
216,success
217,news
218,engin
219,possibl
220,trade
221,profession
222,post
223,idea
224,increas
225,advertis
226,pay
227,ask
228,public
229,error
230,open
231,test
232,websit
233,opportun
234,real
235,sell
236,ever
237,less
238,insur
239,respons
240,plan
241,design
242,tell
243,creat
244,visit
245,word
246,buy
247,howev
248,reason
249,prefer
250,heaven
251,effect
252,someon
253,aug
254,cd
255,sale
256,law
257,improv
258,applic
259,instead
260,around
261,fact
262,least
263,box
264,dollar
265,ye
266,rpm
267,fix
268,american
269,job
270,copi
271,simpl
272,probabl
273,cours
274,origin
275,believ
276,fax
277,contain
278,move
279,type
280,happen
281,friend
282,though
283,littl
284,total
285,financi
286,welcom
287,share
288,request
289,exampl
290,add
291,abl
292,client
293,els
294,format
295,perl
296,anyth
297,valu
298,simpli
299,alway
300,high
301,alreadi
302,fill
303,protect
304,full
305,cash
306,mailto
307,feel
308,directori
309,import
310,bit
311,stop
312,purchas
313,regard
314,signatur
315,licens
316,note
317,intern
318,experi
319,polici
320,answer
321,exist
322,return
323,updat
324,past
325,learn
326,famili
327,info
328,top
329,sep
330,geek
331,ship
332,becom
333,act
334,age
335,lead
336,instruct
337,drive
338,small
339,suppli
340,control
341,second
342,member
343,databas
344,low
345,thousand
346,select
347,recent
348,incom
349,featur
350,citi
351,etc
352,stuff
353,limit
354,minut
355,industri
356,done
357,yet
358,turn
359,sever
360,appli
361,folder
362,tool
363,continu
364,understand
365,c
366,detail
367,guid
368,everyth
369,noth
370,step
371,exmh
372,oper
373,notic
374,enough
375,big
376,claim
377,sign
378,e
379,care
380,univers
381,caus
382,letter
383,larg
384,key
385,three
386,hard
387,thinkgeek
388,other
389,connect
390,bill
391,discuss
392,accept
393,thu
394,record
395,term
396,play
397,pgp
398,via
399,offic
400,specif
401,option
402,talk
403,text
404,america
405,mayb
406,deal
407,immedi
408,direct
409,download
410,major
411,seen
412,hope
413,forc
414,subscrib
415,comment
416,kind
417,thought
418,individu
419,decid
420,rule
421,lose
422,log
423,plu
424,natur
425,method
426,matter
427,true
428,risk
429,either
430,rememb
431,yahoo
432,assist
433,content
434,rather
435,present
436,quot
437,mime
438,away
439,wait
440,bank
441,r
442,fund
443,kernel
444,local
445,hand
446,project
447,secret
448,hundr
449,loan
450,matthia
451,train
452,level
453,corpor
454,consid
455,research
456,area
457,razor
458,forward
459,august
460,book
461,addit
462,root
463,stori
464,polit
465,machin
466,bad
467,standard
468,target
469,benefit
470,quit
471,entir
472,war
473,suggest
474,appear
475,copyright
476,document
477,bodi
478,global
479,presid
480,author
481,bug
482,posit
483,often
484,expect
485,mind
486,distribut
487,center
488,human
489,juli
490,septemb
491,grow
492,ago
493,jul
494,hit
495,qualiti
496,trust
497,size
498,partner
499,easili
500,absolut
501,island
502,whether
503,love
504,agent
505,pm
506,activ
507,join
508,given
509,b
510,involv
511,collect
512,solut
513,amount
514,happi
515,associ
516,fast
517,charg
518,domain
519,promot
520,man
521,whole
522,dvd
523,far
524,sort
525,earn
526,later
527,fork
528,parti
529,hi
530,feder
531,submit
532,mortgag
533,upon
534,meet
535,wed
536,potenti
537,refer
538,wrong
539,enter
540,nice
541,tm
542,load
543,econom
544,publish
545,john
546,wonder
547,social
548,singl
549,almost
550,discov
551,red
552,reach
553,everyon
554,transact
555,close
556,view
557,fail
558,pass
559,execut
560,sound
561,depend
562,privat
563,women
564,perform
565,profit
566,broadcast
567,attack
568,newslett
569,paid
570,relat
571,automat
572,statement
573,effort
574,contract
575,mark
576,media
577,delet
578,foreign
579,begin
580,compil
581,sequenc
582,final
583,regist
584,miss
585,spamassassin
586,bush
587,figur
588,cell
589,x
590,stock
591,handl
592,command
593,header
594,action
595,locat
596,similar
597,game
598,tuesday
599,pick
600,display
601,transfer
602,templ
603,disk
604,hat
605,wo
606,digit
607,produc
608,chri
609,event
610,soon
611,known
612,track
613,articl
614,print
615,longer
616,tax
617,properti
618,function
619,mention
620,pretti
621,toner
622,store
623,default
624,commiss
625,men
626,dear
627,pc
628,debt
629,oblig
630,hous
631,sun
632,microsoft
633,upgrad
634,respect
635,due
636,script
637,organ
638,bulk
639,enenkio
640,imag
641,payment
642,weight
643,administr
644,freedom
645,daili
646,along
647,health
648,bonu
649,net
650,practic
651,billion
652,propos
653,worth
654,usa
655,offici
656,cartridg
657,capit
658,came
659,strategi
660,resourc
661,languag
662,half
663,late
664,anyway
665,leav
666,exactli
667,platform
668,concern
669,clear
670,remain
671,street
672,devic
673,html
674,assum
675,car
676,lost
677,la
678,tire
679,ok
680,review
681,ignor
682,tue
683,interact
684,head
685,went
686,hear
687,respond
688,deliv
689,tablet
690,taken
691,independ
692,bring
693,perhap
694,clean
695,compar
696,configur
697,averag
698,qualifi
699,watch
700,press
701,fine
702,space
703,invok
704,short
705,retail
706,recommend
707,school
708,expens
709,n
710,fee
711,host
712,fall
713,field
714,membership
715,enabl
716,memori
717,consult
718,guess
719,huge
720,usual
721,extrem
722,suit
723,xml
724,edit
725,choos
726,common
727,except
728,advantag
729,warn
730,agre
731,en
732,port
733,materi
734,normal
735,region
736,educ
737,abil
738,side
739,fri
740,basic
741,announc
742,paper
743,dream
744,although
745,guy
746,drop
747,cheer
748,le
749,item
750,told
751,five
752,vulner
753,hold
754,growth
755,spend
756,readi
757,main
758,confidenti
759,electron
760,win
761,model
762,replac
763,left
764,face
765,unseen
766,studi
767,interfac
768,mon
769,loss
770,altern
771,reserv
772,intend
773,safe
774,kingdom
775,accord
776,choic
777,approv
778,implement
779,rest
780,multipl
781,id
782,histori
783,oz
784,commerci
785,situat
786,moment
787,extra
788,combin
789,chanc
790,insid
791,investig
792,quick
793,employ
794,section
795,togeth
796,initi
797,pictur
798,coupl
799,purpos
800,msg
801,confirm
802,advanc
803,goe
804,unless
805,avoid
806,monday
807,j
808,across
809,break
810,util
811,court
812,particular
813,object
814,fals
815,burn
816,energi
817,score
818,express
819,societi
820,video
821,et
822,india
823,male
824,owner
825,indic
826,took
827,p
828,count
829,sens
830,agenc
831,correct
832,directli
833,filter
834,speed
835,profil
836,variou
837,anywher
838,four
839,procedur
840,die
841,match
842,period
843,gpl
844,uniqu
845,black
846,especi
847,seek
848,ventur
849,piec
850,sex
851,consum
852,kevin
853,investor
854,certain
855,behalf
856,whatev
857,spammer
858,explain
859,class
860,adam
861,knowledg
862,popul
863,color
864,setup
865,oh
866,gain
867,latest
868,cut
869,remot
870,tip
871,dagga
872,atol
873,militari
874,unison
875,ftp
876,block
877,marshal
878,lawrenc
879,googl
880,south
881,gari
882,unix
883,tv
884,patch
885,team
886,shop
887,establish
888,valuabl
889,switch
890,smoke
891,java
892,imagin
893,aaaaaaaaaaaaaaaaaaaaaaaaaaaaaaaaaaaaaaaaaaaaaaaaaaaaaaaaaaaaaaaaaaaaaaaaaaaa
894,ragga
895,integr
896,prevent
897,robert
898,boot
899,third
900,attempt
901,prepar
902,folk
903,particip
904,will
905,privaci
906,heard
907,hardwar
908,sorri
909,manual
910,necessari
911,reduc
912,sometim
913,saou
914,tag
915,screen
916,congress
917,bottl
918,york
919,fastest
920,night
921,china
922,sa
923,certainli
924,suppos
925,valid
926,backup
927,cover
928,stand
929,enjoy
930,depart
931,obtain
932,driver
933,alb
934,mass
935,regul
936,goal
937,seriou
938,path
939,amaz
940,botan
941,lower
942,competit
943,capabl
944,land
945,speak
946,promis
947,fulli
948,h
949,medic
950,poor
951,extend
952,lowest
953,traffic
954,scienc
955,deathtospamdeathtospamdeathtospam
956,apolog
957,introduc
958,movi
959,describ
960,defin
961,troubl
962,paul
963,titl
964,neg
965,exchang
966,film
967,cv
968,easier
969,osdn
970,sender
971,os
972,wireless
973,rang
974,decis
975,f
976,technic
977,death
978,approach
979,murphi
980,six
981,predict
982,earli
983,commit
984,white
985,fat
986,written
987,beberg
988,redhat
989,quickli
990,fortun
991,sold
992,worri
993,king
994,im
995,kill
996,telephon
997,ham
998,firm
999,seventh
1000,judgment
1001,mobil
1002,apt
1003,music
1004,uk
1005,michael
1006,economi
1007,north
1008,desir
1009,premium
1010,attach
1011,ensur
1012,father
1013,opinion
1014,faster
1015,player
1016,definit
1017,appar
1018,argument
1019,achiev
1020,adult
1021,archiv
1022,librari
1023,button
1024,enterpris
1025,travel
1026,techniqu
1027,separ
1028,bar
1029,cooper
1030,threat
1031,demand
1032,board
1033,deserv
1034,browser
1035,anim
1036,condit
1037,outsid
1038,modul
1039,hello
1040,terrorist
1041,elimin
1042,david
1043,enhanc
1044,stay
1045,wide
1046,estat
1047,dave
1048,attent
1049,expert
1050,virtual
1051,cabl
1052,determin
1053,wall
1054,repres
1055,pain
1056,drug
1057,children
1058,kid
1059,gnupg
1060,held
1061,washington
1062,modifi
1063,declar
1064,environ
1065,sincer
1066,monthli
1067,permiss
1068,signific
1069,danger
1070,fun
1071,iii
1072,l
1073,confid
1074,relev
1075,g
1076,w
1077,diet
1078,cat
1079,rich
1080,air
1081,sum
1082,programm
1083,canada
1084,cc
1085,equip
1086,none
1087,exclus
1088,popular
1089,forev
1090,proven
1091,justin
1092,bitbitch
1093,excel
1094,bottom
1095,paragraph
1096,usd
1097,expand
1098,central
1099,skip
1100,sexual
1101,factor
1102,string
1103,friday
1104,centuri
1105,identifi
1106,anybodi
1107,challeng
1108,near
1109,relationship
1110,monitor
1111,behind
1112,appreci
1113,excit
1114,toward
1115,terror
1116,asset
1117,director
1118,confer
1119,perfect
1120,girl
1121,exercis
1122,rh
1123,whose
1124,among
1125,progress
1126,discoveri
1127,citizen
1128,unsolicit
1129,defens
1130,rais
1131,hettinga
1132,thread
1133,sampl
1134,west
1135,fit
1136,rel
1137,difficult
1138,road
1139,illeg
1140,lender
1141,colleg
1142,photo
1143,intellig
1144,entri
1145,spain
1146,partit
1147,serv
1148,tie
1149,solv
1150,william
1151,confus
1152,strong
1153,acquir
1154,earth
1155,seri
1156,reader
1157,chief
1158,octob
1159,measur
1160,stupid
1161,verifi
1162,largest
1163,refin
1164,tree
1165,fair
1166,european
1167,smart
1168,instant
1169,french
1170,mode
1171,extract
1172,san
1173,regular
1174,sweet
1175,equival
1176,built
1177,peac
1178,procmail
1179,laptop
1180,slow
1181,resid
1182,conveni
1183,lock
1184,reliabl
1185,oct
1186,mac
1187,dead
1188,brian
1189,categori
1190,inlin
1191,tradit
1192,datapow
1193,suse
1194,front
1195,warranti
1196,graphic
1197,africa
1198,tim
1199,cach
1200,deliveri
1201,leader
1202,europ
1203,voic
1204,ident
1205,evid
1206,useless
1207,pattern
1208,annuiti
1209,capillari
1210,realiz
1211,emerg
1212,femal
1213,ten
1214,fire
1215,occur
1216,desktop
1217,gnu
1218,compat
1219,art
1220,statu
1221,campaign
1222,young
1223,gift
1224,abus
1225,therefor
1226,cultur
1227,institut
1228,revenu
1229,concept
1230,higher
1231,physic
1232,herba
1233,previous
1234,satellit
1235,june
1236,deposit
1237,thursday
1238,walk
1239,inde
1240,brand
1241,launch
1242,aid
1243,convers
1244,ms
1245,otherwis
1246,roll
1247,nigeria
1248,degre
1249,doubt
1250,concentr
1251,contribut
1252,forget
1253,classifi
1254,unlimit
1255,yeah
1256,echo
1257,pacif
1258,former
1259,honor
1260,carri
1261,background
1262,weapon
1263,indian
1264,compet
1265,wife
1266,arriv
1267,repositori
1268,conflict
1269,affili
1270,fight
1271,token
1272,listen
1273,recipi
1274,critic
1275,tech
1276,discount
1277,powel
1278,extens
1279,isp
1280,sat
1281,storag
1282,surpris
1283,percent
1284,unfortun
1285,app
1286,password
1287,water
1288,hermio
1289,jabber
1290,hot
1291,effici
1292,assur
1293,basi
1294,civil
1295,sleep
1296,sit
1297,detect
1298,succeed
1299,alsa
1300,substanti
1301,garrigu
1302,intro
1303,output
1304,panel
1305,kept
1306,printer
1307,menu
1308,catch
1309,light
1310,tabl
1311,worldwid
1312,enemi
1313,proprietari
1314,mine
1315,descript
1316,inc
1317,pull
1318,scan
1319,jm
1320,attract
1321,ip
1322,index
1323,disabl
1324,saw
1325,revers
1326,truth
1327,joe
1328,pudg
1329,wednesday
1330,nobodi
1331,god
1332,advic
1333,v
1334,seven
1335,manufactur
1336,vendor
1337,agreement
1338,analysi
1339,patent
1340,euro
1341,structur
1342,gone
1343,morn
1344,decad
1345,cool
1346,specifi
1347,jame
1348,balanc
1349,room
1350,teach
1351,franc
1352,vote
1353,alon
1354,lack
1355,k
1356,awar
1357,boston
1358,gold
1359,whitelist
1360,editor
1361,obvious
1362,charact
1363,wast
1364,california
1365,treat
1366,zip
1367,construct
1368,innov
1369,polic
1370,financ
1371,clue
1372,insert
1373,highli
1374,tom
1375,u
1376,ga
1377,theori
1378,career
1379,trick
1380,journal
1381,temperatur
1382,int
1383,encourag
1384,middl
1385,constitut
1386,impress
1387,incred
1388,touch
1389,ultim
1390,flag
1391,greater
1392,afford
1393,gcc
1394,spec
1395,son
1396,peni
1397,usag
1398,correspond
1399,attorney
1400,anymor
1401,cent
1402,ebay
1403,brain
1404,previou
1405,trial
1406,blood
1407,dan
1408,mechan
1409,blank
1410,annual
1411,hp
1412,wake
1413,larger
1414,master
1415,boy
1416,mother
1417,jim
1418,input
1419,summari
1420,greg
1421,urgent
1422,hate
1423,stream
1424,cbyi
1425,mike
1426,el
1427,democrat
1428,suffer
1429,cheap
1430,focu
1431,perman
1432,pound
1433,advis
1434,php
1435,flow
1436,star
1437,mostli
1438,judg
1439,particularli
1440,skeptic
1441,speech
1442,smtp
1443,underwrit
1444,varieti
1445,suspect
1446,delay
1447,percentag
1448,instanc
1449,wealth
1450,dynam
1451,obviou
1452,mistak
1453,vacat
1454,behavior
1455,comfort
1456,eye
1457,earlier
1458,republ
1459,binari
1460,toni
1461,super
1462,warm
1463,destruct
1464,dark
1465,keyboard
1466,ireland
1467,affect
1468,termin
1469,telecom
1470,arm
1471,channel
1472,rock
1473,reveal
1474,woman
1475,rick
1476,firewal
1477,laserjet
1478,ban
1479,mailer
1480,se
1481,knew
1482,rss
1483,tend
1484,motiv
1485,char
1486,consolid
1487,steve
1488,english
1489,heart
1490,essenti
1491,skill
1492,principl
1493,recogn
1494,floppi
1495,vipul
1496,domest
1497,alli
1498,btw
1499,consist
1500,prospect
1501,estim
1502,pack
1503,wing
1504,highlight
1505,core
1506,lawyer
1507,beta
1508,style
1509,prompt
1510,lifetim
1511,dell
1512,bonus
1513,opt
1514,invit
1515,unlik
1516,somewher
1517,pipe
1518,eventu
1519,magazin
1520,gnome
1521,nearli
1522,defend
1523,vehicl
1524,staff
1525,beat
1526,sensit
1527,ftoc
1528,task
1529,fl
1530,comprehens
1531,planta
1532,role
1533,roman
1534,ground
1535,despit
1536,teledynam
1537,histor
1538,babi
1539,hair
1540,modem
1541,march
1542,pocket
1543,biggest
1544,modern
1545,clearli
1546,food
1547,eat
1548,python
1549,restor
1550,dn
1551,map
1552,audio
1553,suck
1554,fresh
1555,convert
1556,strength
1557,eval
1558,revis
1559,complianc
1560,favor
1561,commentari
1562,strongli
1563,bind
1564,picasso
1565,impact
1566,minimum
1567,interview
1568,peter
1569,coverag
1570,british
1571,exploit
1572,dragon
1573,mlm
1574,shown
1575,met
1576,senior
1577,config
1578,conserv
1579,gave
1580,failur
1581,protocol
1582,employe
1583,permit
1584,font
1585,dont
1586,texa
1587,truli
1588,liber
1589,mailbox
1590,mile
1591,equal
1592,spot
1593,instantli
1594,beyond
1595,everybodi
1596,doctor
1597,stabl
1598,tape
1599,consider
1600,synchron
1601,tx
1602,brought
1603,reli
1604,signal
1605,auto
1606,q
1607,optim
1608,typic
1609,visa
1610,variabl
1611,dial
1612,expir
1613,startup
1614,translat
1615,led
1616,revok
1617,distanc
1618,geeg
1619,exact
1620,draw
1621,crash
1622,chines
1623,proper
1624,calcul
1625,showcas
1626,al
1627,worst
1628,broker
1629,crimin
1630,stylu
1631,boss
1632,plant
1633,evil
1634,extern
1635,favorit
1636,prove
1637,neighbor
1638,yesterday
1639,imposs
1640,annoy
1641,finish
1642,hidden
1643,spent
1644,foundat
1645,bigger
1646,strang
1647,bearer
1648,artist
1649,pop
1650,z
1651,rare
1652,sole
1653,acknowledg
1654,sir
1655,repair
1656,retriev
1657,feet
1658,ran
1659,netscap
1660,rebuild
1661,autom
1662,hell
1663,england
1664,safeti
1665,somebodi
1666,poverti
1667,guidelin
1668,serious
1669,beauti
1670,scientist
1671,planet
1672,sport
1673,equiti
1674,portion
1675,rob
1676,hack
1677,properli
1678,evalu
1679,hotel
1680,edward
1681,strip
1682,bell
1683,restrict
1684,scheme
1685,climat
1686,gentl
1687,push
1688,jump
1689,chicago
1690,summer
1691,lie
1692,spread
1693,ii
1694,antiqu
1695,iiu
1696,correctli
1697,hire
1698,minor
1699,sunday
1700,prescript
1701,station
1702,explor
1703,mount
1704,becam
1705,para
1706,student
1707,radio
1708,diseas
1709,recruit
1710,headlin
1711,lo
1712,fundament
1713,currenc
1714,threaten
1715,primari
1716,vou
1717,shape
1718,entertain
1719,epson
1720,spamd
1721,craig
1722,seed
1723,hang
1724,happier
1725,damag
1726,laser
1727,herb
1728,mainten
1729,proxi
1730,resum
1731,protest
1732,merchant
1733,architectur
1734,recal
1735,husband
1736,plug
1737,muscl
1738,vast
1739,viagra
1740,sendmail
1741,van
1742,corpu
1743,settlement
1744,doubl
1745,disclaim
1746,remedi
1747,exit
1748,prioriti
1749,feroc
1750,stick
1751,buyer
1752,fantasi
1753,western
1754,faith
1755,reg
1756,ticket
1757,laugh
1758,angl
1759,dozen
1760,moor
1761,creativ
1762,green
1763,prior
1764,luck
1765,camera
1766,disappear
1767,georg
1768,somehow
1769,ssh
1770,feedback
1771,wors
1772,hall
1773,oil
1774,kathmandu
1775,usb
1776,supplement
1777,seminar
1778,tel
1779,bother
1780,symbol
1781,anonym
1782,realiti
1783,norton
1784,reject
1785,feed
1786,aspect
1787,pour
1788,child
1789,broken
1790,hormon
1791,batteri
1792,democraci
1793,acceler
1794,eugen
1795,doc
1796,convent
1797,argu
1798,encrypt
1799,arrang
1800,committe
1801,substanc
1802,shot
1803,perfectli
1804,appeal
1805,entrepreneur
1806,shall
1807,authent
1808,parent
1809,allianc
1810,serial
1811,convinc
1812,random
1813,phrase
1814,neither
1815,mozilla
1816,statist
1817,legitim
1818,slightli
1819,park
1820,à
1821,observ
1822,sponsorship
1823,funni
1824,electr
1825,auction
1826,highest
1827,strictli
1828,queri
1829,appropri
1830,nort
1831,refund
1832,ie
1833,barcelona
1834,edificio
1835,solari
1836,award
1837,door
1838,shock
1839,edg
1840,hey
1841,empir
1842,merg
1843,east
1844,meant
1845,resolv
1846,frame
1847,hunt
1848,survey
1849,bear
1850,fear
1851,surviv
1852,lesson
1853,volum
1854,carrier
1855,kelli
1856,postal
1857,pressur
1858,aphrodisia
1859,tomorrow
1860,stabil
1861,smaller
1862,union
1863,capac
1864,daniel
1865,repeat
1866,damn
1867,arrest
1868,weekend
1869,mr
1870,twice
1871,declin
1872,banner
1873,owen
1874,bought
1875,te
1876,pablo
1877,fairli
1878,alter
1879,trip
1880,herbal
1881,virus
1882,amend
1883,aggress
1884,strike
1885,odd
1886,mason
1887,farquhar
1888,welch
1889,nt
1890,easiest
1891,appl
1892,prosaka
1893,complain
1894,inbox
1895,cold
1896,januari
1897,duplic
1898,promiscu
1899,gmt
1900,violat
1901,zero
1902,harm
1903,ah
1904,race
1905,cancel
1906,testimoni
1907,exclud
1908,licenc
1909,winner
1910,compon
1911,viru
1912,debian
1913,deni
1914,spray
1915,bunch
1916,genet
1917,honest
1918,presum
1919,pill
1920,vari
1921,audienc
1922,round
1923,algorithm
1924,nativ
1925,farm
1926,blog
1927,reduct
1928,mh
1929,ratio
1930,scam
1931,bandwidth
1932,md
1933,mirror
1934,hmm
1935,formula
1936,vjestika
1937,tab
1938,elsewher
1939,â
1940,club
1941,sea
1942,label
1943,bankruptci
1944,partnership
1945,austin
1946,gay
1947,precis
1948,iraq
1949,possess
1950,analyst
1951,compens
1952,martin
1953,reboot
1954,gibbon
1955,renew
1956,approxim
1957,brief
1958,split
1959,envelop
1960,msgid
1961,blue
1962,porn
1963,invent
1964,massiv
1965,lift
1966,gordon
1967,dramat
1968,buffer
1969,reward
1970,plugin
1971,grand
1972,mous
1973,roger
1974,processor
1975,saturday
1976,weekli
1977,deploy
1978,inconveni
1979,empti
1980,rohit
1981,that
1982,millionair
1983,retir
1984,writer
1985,agreeabl
1986,aol
1987,flash
1988,dig
1989,ps
1990,sm
1991,prohibit
1992,nvidia
1993,anytim
1994,engag
1995,apart
1996,cancer
1997,complex
1998,religion
1999,ibm
2000,environment
2001,adopt
2002,inspir
2003,fuck
2004,infrastructur
2005,collabor
2006,solicit
2007,cycl
2008,harley
2009,thoma
2010,satisfi
2011,conduct
2012,northern
2013,schedul
2014,justic
2015,length
2016,shell
2017,assembl
2018,plenti
2019,ministri
2020,african
2021,enforc
2022,rose
2023,own
2024,distro
2025,rout
2026,mere
2027,began
2028,duncan
2029,onto
2030,img
2031,acquisit
2032,swap
2033,clock
2034,bound
2035,excess
2036,experienc
2037,encount
2038,self
2039,candid
2040,farmer
2041,henc
2042,scale
2043,pointer
2044,registr
2045,russian
2046,attend
2047,elect
2048,domin
2049,conclud
2050,wholesal
2051,prosper
2052,throw
2053,guido
2054,kate
2055,straight
2056,liter
2057,grab
2058,homeown
2059,televis
2060,london
2061,minim
2062,demonstr
2063,deep
2064,transform
2065,newspap
2066,famou
2067,evolv
2068,colleagu
2069,christian
2070,hors
2071,glad
2072,murder
2073,buck
2074,rank
2075,mix
2076,unabl
2077,chat
2078,context
2079,wave
2080,receipt
2081,lawsuit
2082,oppos
2083,boost
2084,preserv
2085,niall
2086,toll
2087,da
2088,co
2089,remark
2090,attain
2091,russia
2092,routin
2093,skin
2094,crime
2095,proof
2096,religi
2097,assert
2098,entiti
2099,loop
2100,valhalla
2101,blame
2102,resel
2103,corrupt
2104,tast
2105,marshalles
2106,forest
2107,mathemat
2108,destroy
2109,glm
2110,replica
2111,accur
2112,vircio
2113,passphras
2114,scientif
2115,paypal
2116,webmast
2117,brent
2118,newsgroup
2119,inkjet
2120,moral
2121,asia
2122,abacha
2123,icq
2124,numer
2125,tune
2126,habea
2127,na
2128,ben
2129,victim
2130,yield
2131,embed
2132,mountain
2133,column
2134,bless
2135,heavi
2136,visitor
2137,chart
2138,throughout
2139,null
2140,yellow
2141,hash
2142,brother
2143,sheet
2144,joseph
2145,jar
2146,po
2147,hint
2148,bu
2149,regardless
2150,song
2151,frequent
2152,rise
2153,formal
2154,bay
2155,limbo
2156,incompat
2157,classic
2158,remind
2159,pure
2160,trace
2161,town
2162,mess
2163,chip
2164,branch
2165,freebsd
2166,labor
2167,aim
2168,logic
2169,dog
2170,pro
2171,amateur
2172,drink
2173,consequ
2174,smoker
2175,que
2176,decemb
2177,prize
2178,exhibit
2179,ladi
2180,violenc
2181,worker
2182,focus
2183,export
2184,topic
2185,spirit
2186,privileg
2187,il
2188,adapt
2189,joke
2190,pars
2191,satisfact
2192,felt
2193,imho
2194,exceed
2195,crap
2196,syntax
2197,gambl
2198,coast
2199,opposit
2200,est
2201,assign
2202,spamtrap
2203,negoti
2204,circumst
2205,vice
2206,cheaper
2207,tremend
2208,pa
2209,incorpor
2210,batch
2211,stamp
2212,battl
2213,stage
2214,lib
2215,complic
2216,specialist
2217,pursu
2218,byte
2219,appoint
2220,fan
2221,caught
2222,compel
2223,keyword
2224,airlin
2225,sur
2226,struggl
2227,alan
2228,entitl
2229,older
2230,dublin
2231,florida
2232,unknown
2233,boundari
2234,lover
2235,moder
2236,liberti
2237,compress
2238,ui
2239,loos
2240,bet
2241,kit
2242,strengthen
2243,trivial
2244,okay
2245,unwant
2246,admit
2247,sophist
2248,goto
2249,intel
2250,gather
2251,affair
2252,jodi
2253,chairman
2254,truck
2255,alert
2256,riaa
2257,mastercard
2258,penni
2259,ownership
2260,airport
2261,transmiss
2262,australia
2263,ved
2264,hole
2265,margin
2266,pioneer
2267,britain
2268,wear
2269,ahead
2270,sector
2271,ideal
2272,album
2273,owe
2274,surfac
2275,trend
2276,disclosur
2277,belief
2278,muslim
2279,outlook
2280,msn
2281,tin
2282,raw
2283,assumpt
2284,mplayer
2285,lay
2286,stephen
2287,maximum
2288,encod
2289,wa
2290,marri
2291,timeout
2292,ice
2293,suffici
2294,scott
2295,maker
2296,pickl
2297,relay
2298,reform
2299,overal
2300,weather
2301,adjust
2302,stress
2303,refus
2304,dice
2305,palestinian
2306,dump
2307,jack
2308,weak
2309,majesti
2310,finger
2311,sentenc
2312,ne
2313,curv
2314,captur
2315,wealthi
2316,hawaii
2317,propag
2318,debug
2319,influenc
2320,chain
2321,schuman
2322,portabl
2323,egg
2324,magic
2325,admin
2326,endeavor
2327,depress
2328,shout
2329,mandat
2330,trademark
2331,session
2332,dinosaur
2333,astronom
2334,retain
2335,patrick
2336,explan
2337,lilo
2338,spring
2339,heck
2340,catalog
2341,ou
2342,vision
2343,weird
2344,holiday
2345,frustrat
2346,silli
2347,submiss
2348,whatsoev
2349,bone
2350,crack
2351,unusu
2352,minist
2353,movement
2354,intellectu
2355,buri
2356,outstand
2357,ethic
2358,spambay
2359,scratch
2360,speaker
2361,belong
2362,virginia
2363,gpg
2364,fli
2365,rapidli
2366,hospit
2367,tower
2368,api
2369,mysql
2370,rah
2371,ram
2372,circl
2373,hacker
2374,randomli
2375,francisco
2376,inexpens
2377,latter
2378,casino
2379,bomb
2380,besid
2381,ar
2382,corner
2383,settl
2384,constant
2385,snore
2386,hide
2387,abandon
2388,lean
2389,germani
2390,theme
2391,scholarship
2392,fuel
2393,proceed
2394,openssl
2395,igtt
2396,ez
2397,pentium
2398,celebr
2399,jeremi
2400,twenti
2401,joint
2402,prob
2403,thirti
2404,intent
2405,du
2406,iroijlaplap
2407,ce
2408,tivo
2409,formul
2410,recognit
2411,organis
2412,xxx
2413,greatest
2414,ir
2415,plane
2416,ton
2417,necessarili
2418,preced
2419,expos
2420,fp
2421,tweak
2422,german
2423,richard
2424,marriag
2425,japan
2426,harvest
2427,forum
2428,une
2429,conclus
2430,openssh
2431,greet
2432,arg
2433,season
2434,es
2435,recov
2436,dr
2437,maxim
2438,armi
2439,jurisdict
2440,framework
2441,draft
2442,wild
2443,element
2444,bsd
2445,relax
2446,dedic
2447,ximian
2448,mutual
2449,decreas
2450,boom
2451,trader
2452,shoot
2453,scope
2454,ratak
2455,quarter
2456,capitalist
2457,con
2458,telecommun
2459,contest
2460,burner
2461,leas
2462,everywher
2463,pleasur
2464,anthoni
2465,crazi
2466,murjel
2467,render
2468,bob
2469,angel
2470,elig
2471,freez
2472,advisor
2473,pci
2474,commerc
2475,bond
2476,notifi
2477,hook
2478,scenario
2479,flight
2480,milter
2481,magnitud
2482,rm
2483,layer
2484,asian
2485,potent
2486,zone
2487,subsequ
2488,council
2489,maxaman
2490,fashion
2491,invalid
2492,raid
2493,distributor
2494,tobacco
2495,till
2496,corn
2497,analog
2498,apach
2499,overnight
